country,forecast_date,actual_30d_revenue,model_30d_revenue,baseline_30d_revenue
all,2019-08-01,138487.27,174657.10074918892,182464.12099999998
all,2019-08-02,132011.41999999998,170631.94269837945,179499.081
all,2019-08-03,131051.82999999999,169279.93657482773,178961.99099999998
all,2019-08-04,135651.37,169648.0994287988,172331.71099999998
all,2019-08-05,137811.69999999998,172110.5761521478,166170.381
all,2019-08-06,139462.06999999998,148730.84250209059,174603.70100000003
all,2019-08-07,140665.25999999995,150641.7548073665,176923.97100000002
all,2019-08-08,140052.88999999998,147876.64503051213,178878.061
all,2019-08-09,125870.36999999998,139467.11098863767,186466.31100000002
all,2019-08-10,138558.76,171087.59661342116,163547.821
all,2019-08-11,143887.54,170453.27655707358,157954.531
all,2019-08-12,150687.12000000002,171118.1573249235,155315.72099999996
all,2019-08-13,152155.5,173561.61480390266,158066.58099999998
all,2019-08-14,174590.65,177272.70383281488,157804.60099999997
all,2019-08-15,173463.69,176884.57211808572,138725.581
all,2019-08-16,168816.96,176563.8151766904,138006.72100000002
all,2019-08-17,170134.27,176528.09965784103,129313.621
all,2019-08-18,179659.25999999998,172668.13206674284,122630.261
all,2019-08-19,183493.45,171763.79858555796,121722.361
all,2019-08-20,194267.17,175899.87853289818,125320.49100000001
all,2019-08-21,198077.43,175942.5406113229,126545.101
all,2019-08-22,189365.05999999997,175169.30428405976,137049.171
all,2019-08-23,183846.84,175345.85360186934,138401.61000000002
all,2019-08-24,186703.381,174702.70520199247,137102.25
all,2019-08-25,192720.66199999998,173095.26784617957,132088.74000000002
all,2019-08-26,196794.322,173675.00360443993,131210.69
all,2019-08-27,205904.202,173611.21824610082,131210.69
all,2019-08-28,197411.272,173650.86883367837,143743.44
all,2019-08-29,198332.39200000002,176157.37335615096,145476.77000000002
all,2019-08-30,194805.692,175281.26232157333,132633.76
all,2019-08-31,187692.23200000005,172869.3761576816,138487.27
all,2019-09-01,200281.32200000001,470774.38522315526,132011.41999999998
all,2019-09-02,206764.472,472325.59652748733,131051.82999999999
all,2019-09-03,209689.94199999998,471372.22184583725,135651.37
all,2019-09-04,216104.042,468675.9638495889,137811.69999999998
all,2019-09-05,219387.91199999998,470161.56882498565,139462.06999999998
all,2019-09-06,213908.702,471107.4661649262,140665.25999999995
all,2019-09-07,211447.222,468376.3816706205,140052.88999999998
all,2019-09-08,225917.522,469244.8862335885,125870.36999999998
all,2019-09-09,228299.802,469235.5264985885,138558.76
all,2019-09-10,230525.142,469033.10744931607,143887.54
all,2019-09-11,230319.582,468932.6362789771,150687.12000000002
all,2019-09-12,233311.092,466480.61241763446,152155.5
all,2019-09-13,207836.032,469287.1689692991,174590.65
all,2019-09-14,204829.96200000003,469420.22991841944,173463.69
all,2019-09-15,217590.492,469401.8480466378,168816.96
all,2019-09-16,223180.432,469305.4317000934,170134.27
all,2019-09-17,234151.582,467817.40850454237,179659.25999999998
all,2019-09-18,234052.612,469617.4538884015,183493.45
all,2019-09-19,223801.24199999997,468744.873647436,194267.17
all,2019-09-20,215595.18200000003,467704.6261450795,198077.43
all,2019-09-21,210554.622,468936.4091879169,189365.05999999997
all,2019-09-22,227521.082,468563.80829081876,183846.84
all,2019-09-23,229351.45100000003,468577.7343897076,186703.381
all,2019-09-24,230556.71,467303.33515447605,192720.66199999998
all,2019-09-25,244362.53,467609.68130678596,196794.322
all,2019-09-26,241024.6,466391.968745569,205904.202
all,2019-09-27,233855.25000000006,465468.4859350796,197411.272
all,2019-09-28,234285.62000000002,465517.13059146854,198332.39200000002
all,2019-09-29,261644.24000000002,464949.1730504682,194805.692
all,2019-09-30,263163.95,464898.10710074595,187692.23200000005
all,2019-10-01,259828.8,465137.6908977698,200281.32200000001
all,2019-10-02,257459.43,466198.05375562183,206764.472
all,2019-10-03,258502.46999999997,465792.46285988117,209689.94199999998
all,2019-10-04,248648.96999999997,465722.9684111774,216104.042
all,2019-10-05,244545.14999999997,467907.98983606027,219387.91199999998
all,2019-10-06,267145.22,468584.33341771696,213908.702
all,2019-10-07,280512.86,468498.0086987089,211447.222
all,2019-10-08,274698.88,466596.2981448333,225917.522
all,2019-10-09,279878.9,467781.989704147,228299.802
all,2019-10-10,286344.59,466929.83277914696,230525.142
all,2019-10-11,277616.86000000004,466430.3041862699,230319.582
all,2019-10-12,279438.52,466410.3497412436,233311.092
all,2019-10-13,294586.06999999995,466198.0224435633,207836.032
all,2019-10-14,303470.17,466305.41599368234,204829.96200000003
all,2019-10-15,307358.26999999996,465688.30260758457,217590.492
all,2019-10-16,309933.63000000006,465348.8428321596,223180.432
all,2019-10-17,301389.55,456328.8182496339,234151.582
all,2019-10-18,294396.64,463966.29406105453,234052.612
all,2019-10-19,300505.35,466747.5010279592,223801.24199999997
all,2019-10-20,309830.23000000004,469357.38960280945,215595.18200000003
all,2019-10-21,318121.33,469686.0938848332,210554.622
all,2019-10-22,317550.32,467587.9497723929,227521.082
all,2019-10-23,323679.08,467010.3942678195,229351.45100000003
all,2019-10-24,330840.25999999995,464043.58201621694,230556.71
all,2019-10-25,310222.33999999997,455563.9552054493,244362.53
all,2019-10-26,310702.26999999996,455513.02230590273,241024.6
all,2019-10-27,324440.74999999994,456711.80220070423,233855.25000000006
all,2019-10-28,335616.9399999999,456874.33375028765,234285.62000000002
all,2019-10-29,323955.6099999999,455668.60227065784,261644.24000000002
all,2019-10-30,329046.3899999999,455787.989380638,263163.95
all,2019-10-31,330068.76999999996,457458.99793007254,259828.8
all,2019-11-01,322320.33999999997,461655.9922354594,257459.43
all,2019-11-02,319237.38,462929.02567908046,258502.46999999997
all,2019-11-03,376357.14,463031.76675599196,248648.96999999997
all,2019-11-04,377320.37,464305.0262160844,244545.14999999997
all,2019-11-05,363690.15,459471.81212799915,267145.22
all,2019-11-06,368730.7,467216.47043276695,280512.86
all,2019-11-07,369290.5999999999,470935.2330892253,274698.88
eire,2019-08-01,4288.08,2413.02699381992,2241.23
eire,2019-08-02,4085.6600000000008,2345.167070605634,2306.15
eire,2019-08-03,3587.78,2274.638956147905,2811.54
eire,2019-08-04,3745.9,2284.4935732775343,2811.54
eire,2019-08-05,4031.4000000000005,2454.5565866565976,2798.79
eire,2019-08-06,4473.710000000001,2567.7356219498915,3002.6999999999994
eire,2019-08-07,4857.13,2553.785469635077,3002.7
eire,2019-08-08,3695.2300000000005,2659.885921518362,4203.9
eire,2019-08-09,3578.95,2592.116958856974,4320.179999999999
eire,2019-08-10,3337.2300000000005,2600.9127558860046,4561.9
eire,2019-08-11,3337.2300000000005,2597.934989970743,4202.71
eire,2019-08-12,2902.7200000000003,2646.32877996704,4637.22
eire,2019-08-13,2967.71,2279.422938300156,4726.54
eire,2019-08-14,3114.47,2322.434635698745,4753.28
eire,2019-08-15,2819.53,2511.5445564384863,4901.239999999999
eire,2019-08-16,2731.16,2479.8222640773747,4392.92
eire,2019-08-17,2603.6600000000003,2180.8383664014987,4520.42
eire,2019-08-18,2728.96,2190.6759824839028,4316.37
eire,2019-08-19,2922.4000000000005,2448.64812691315,4432.079999999999
eire,2019-08-20,3160.2000000000007,2386.92439377823,4432.08
eire,2019-08-21,3270.1000000000004,2478.8636415956894,4560.95
eire,2019-08-22,4007.3,2386.1235558432477,4560.950000000001
eire,2019-08-23,4007.3,2287.3182470138827,4487.93
eire,2019-08-24,3715.620000000001,2293.531962962055,4731.990000000001
eire,2019-08-25,3991.230000000001,2347.6204935340784,4356.84
eire,2019-08-26,4062.18,2357.055781232954,4274.400000000001
eire,2019-08-27,4600.469999999999,2594.3620884633087,4274.400000000001
eire,2019-08-28,4577.389999999999,2335.546705864671,4091.6400000000003
eire,2019-08-29,4841.24,2306.8833080937734,4091.64
eire,2019-08-30,4769.630000000001,2202.799996288217,4163.25
eire,2019-08-31,4644.8,2197.952625388746,4288.08
eire,2019-09-01,4644.8,12389.088813930985,4085.6600000000008
eire,2019-09-02,4637.290000000001,12306.41690771405,3587.78
eire,2019-09-03,4479.17,12445.940615948179,3745.9
eire,2019-09-04,4319.15,12765.256311513947,4031.4000000000005
eire,2019-09-05,3898.0299999999997,16405.047272464915,4473.710000000001
eire,2019-09-06,3514.61,17203.33916521013,4857.13
eire,2019-09-07,3475.31,17218.689249463376,3695.2300000000005
eire,2019-09-08,3771.99,16392.674146885747,3578.95
eire,2019-09-09,3946.2,15977.585940238923,3337.2300000000005
eire,2019-09-10,4632.92,15998.492508658237,3337.2300000000005
eire,2019-09-11,4632.92,16019.178482726407,2902.7200000000003
eire,2019-09-12,4554.08,14402.500998478017,2967.71
eire,2019-09-13,4380.580000000001,14751.764683500869,3114.47
eire,2019-09-14,4380.580000000001,14727.05217136462,2819.53
eire,2019-09-15,4958.23,14808.82272688885,2731.16
eire,2019-09-16,5152.1900000000005,14830.412310239986,2603.6600000000003
eire,2019-09-17,5232.58,14635.60719763893,2728.96
eire,2019-09-18,5247.339999999999,14476.495201719918,2922.4000000000005
eire,2019-09-19,5197.739999999999,14002.559701842025,3160.2000000000007
eire,2019-09-20,4958.969999999999,13622.237401347726,3270.1000000000004
eire,2019-09-21,4221.77,17209.040244701475,4007.3
eire,2019-09-22,4331.63,17262.88159043734,4007.3
eire,2019-09-23,4331.629999999999,17257.82674106564,3715.620000000001
eire,2019-09-24,4056.02,17431.51974080109,3991.230000000001
eire,2019-09-25,4004.52,17881.610978734338,4062.18
eire,2019-09-26,3466.23,17566.3554188026,4600.469999999999
eire,2019-09-27,3466.23,17351.053021856955,4577.389999999999
eire,2019-09-28,3317.88,14643.38876569784,4841.24
eire,2019-09-29,3463.8099999999995,14800.59383307572,4769.630000000001
eire,2019-09-30,3798.7799999999997,14841.353837963885,4644.8
eire,2019-10-01,3815.5299999999997,14618.96901088957,4644.8
eire,2019-10-02,3815.5299999999997,14756.907208403742,4637.290000000001
eire,2019-10-03,3820.4199999999996,14880.25955912917,4479.17
eire,2019-10-04,3694.94,14852.420013295841,4319.15
eire,2019-10-05,3469.8399999999997,14905.563902813037,3898.0299999999997
eire,2019-10-06,3739.0599999999995,14770.701545804195,3514.61
eire,2019-10-07,3759.2500000000005,14804.59948310578,3475.31
eire,2019-10-08,3513.7200000000003,14611.326588899754,3771.99
eire,2019-10-09,3548.1800000000003,14597.073016294233,3946.2
eire,2019-10-10,3190.52,16755.536873008354,4632.92
eire,2019-10-11,3190.52,16744.078470038174,4632.92
eire,2019-10-12,3556.84,14505.153945592023,4554.08
eire,2019-10-13,3671.03,17003.00961321341,4380.580000000001
eire,2019-10-14,4059.6600000000003,17027.1915068642,4380.580000000001
eire,2019-10-15,3711.1600000000003,16917.02625241425,4958.23
eire,2019-10-16,3827.7300000000005,17083.55132672223,5152.1900000000005
eire,2019-10-17,3852.89,14416.497734498944,5232.58
eire,2019-10-18,3528.98,14384.907519335406,5247.339999999999
eire,2019-10-19,3491.6400000000003,16853.46975492574,5197.739999999999
eire,2019-10-20,3631.0600000000004,17128.87800030386,4958.969999999999
eire,2019-10-21,3959.1299999999997,17138.72904890896,4221.77
eire,2019-10-22,3941.9400000000005,14736.934038459922,4331.63
eire,2019-10-23,4024.3700000000003,14673.786627648848,4331.629999999999
eire,2019-10-24,4095.8900000000003,14534.27824632346,4056.02
eire,2019-10-25,4076.44,14852.746602019386,4004.52
eire,2019-10-26,4165.02,14837.358954135787,3466.23
eire,2019-10-27,4511.53,14918.66237010975,3466.23
eire,2019-10-28,4396.03,14812.13626620763,3317.88
eire,2019-10-29,4596.05,13608.957150154014,3463.8099999999995
eire,2019-10-30,4557.36,14248.957965949441,3798.7799999999997
eire,2019-10-31,4540.61,13251.961820438359,3815.5299999999997
eire,2019-11-01,4540.61,12130.272043049548,3815.5299999999997
eire,2019-11-02,4585.34,11927.567888437954,3820.4199999999996
eire,2019-11-03,4697.139999999999,12032.86906320948,3694.94
eire,2019-11-04,4697.14,12231.43321310727,3469.8399999999997
eire,2019-11-05,4966.610000000001,12207.26630857985,3739.0599999999995
eire,2019-11-06,5165.08,12554.670329837068,3759.2500000000005
france,2019-08-01,1908.4699999999998,3460.3147402004793,1533.29
france,2019-08-02,1815.6299999999999,3584.151363035213,1507.78
france,2019-08-03,1865.56,3574.6670438570436,1455.1799999999998
france,2019-08-04,2024.54,3574.6670438570436,1455.1799999999998
france,2019-08-05,2024.5400000000002,3640.494864263283,1247.75
france,2019-08-06,2346.26,3654.0378595802836,1247.75
france,2019-08-07,2564.53,3654.0378595802836,1247.75
france,2019-08-08,2836.2999999999997,3654.0378595802836,1136.4599999999998
france,2019-08-09,2836.2999999999997,3955.8154829975338,879.5
france,2019-08-10,2772.6,3955.8154829975338,818.79
france,2019-08-11,2772.6,3955.8154829975338,818.79
france,2019-08-12,2761.96,3955.8154829975338,848.49
france,2019-08-13,2639.9199999999996,3726.3604117639616,1005.5699999999999
france,2019-08-14,2848.63,4106.064981555968,972.52
france,2019-08-15,2799.1,4041.6810304982123,894.05
france,2019-08-16,2649.53,3986.167145014533,1014.9199999999998
france,2019-08-17,2573.21,3670.8465262802824,1091.24
france,2019-08-18,3007.28,3986.167145014533,1061.54
france,2019-08-19,2950.1000000000004,3670.8465262802824,1177.5
france,2019-08-20,3118.9200000000005,3726.3604117639616,1177.5
france,2019-08-21,3296.9300000000007,3489.594686190392,1246.02
france,2019-08-22,3306.450000000001,3489.594686190392,1336.3799999999999
france,2019-08-23,2995.390000000001,2866.554434458092,1647.4399999999998
france,2019-08-24,3050.1700000000005,2866.554434458092,1706.5699999999997
france,2019-08-25,3055.170000000001,2866.554434458092,1676.87
france,2019-08-26,3119.2700000000004,2866.554434458092,1572.5699999999997
france,2019-08-27,3220.2500000000005,2895.330016343144,1572.5699999999997
france,2019-08-28,3452.68,2895.330016343144,1572.5699999999997
france,2019-08-29,3393.72,2895.330016343144,1818.13
france,2019-08-30,3393.72,2866.554434458092,1809.88
france,2019-08-31,3267.4199999999996,2948.1479584316044,1908.4699999999998
france,2019-09-01,3445.2899999999995,2990.251892931557,1815.6299999999999
france,2019-09-02,3364.3599999999997,2990.251892931557,1865.56
france,2019-09-03,3653.1000000000004,3019.027474816609,2024.54
france,2019-09-04,3715.4000000000005,3019.027474816609,2024.5400000000002
france,2019-09-05,3482.1200000000003,3128.445252611581,2346.26
france,2019-09-06,3263.850000000001,3099.669670726529,2564.53
france,2019-09-07,2970.980000000001,2982.4384667048025,2836.2999999999997
france,2019-09-08,3057.42,2982.4384667048025,2836.2999999999997
france,2019-09-09,3778.59,2982.4384667048025,2772.6
france,2019-09-10,3962.8,2825.7036368646695,2772.6
france,2019-09-11,3992.42,3128.445252611581,2761.96
france,2019-09-12,4066.16,3046.851728638069,2639.9199999999996
france,2019-09-13,3857.4500000000003,2715.3345310061054,2848.63
france,2019-09-14,3853.2,3018.076146753017,2799.1
france,2019-09-15,3854.2599999999998,3018.076146753017,2649.53
france,2019-09-16,3856.3799999999997,3018.076146753017,2573.21
france,2019-09-17,3573.22,2744.1101128911573,3007.28
france,2019-09-18,3622.1799999999994,3046.851728638069,2950.1000000000004
france,2019-09-19,3453.3599999999997,3046.851728638069,3118.9200000000005
france,2019-09-20,3146.3099999999995,2313.3399112878715,3296.9300000000007
france,2019-09-21,3046.4299999999994,2313.3399112878715,3306.450000000001
france,2019-09-22,3046.4299999999994,2313.3399112878715,2995.390000000001
france,2019-09-23,2881.7799999999997,2313.3399112878715,3050.1700000000005
france,2019-09-24,2876.7799999999997,2342.1154931729234,3055.170000000001
france,2019-09-25,15514.500000000002,2342.1154931729234,3119.2700000000004
france,2019-09-26,15670.780000000002,2342.1154931729234,3220.2500000000005
france,2019-09-27,15438.350000000002,2313.3399112878715,3452.68
france,2019-09-28,15296.360000000002,2313.3399112878715,3393.72
france,2019-09-29,15342.550000000003,2313.3399112878715,3393.72
france,2019-09-30,15594.370000000003,2313.3399112878715,3267.4199999999996
france,2019-10-01,15496.980000000001,2342.1154931729234,3445.2899999999995
france,2019-10-02,15665.560000000003,2342.1154931729234,3364.3599999999997
france,2019-10-03,15363.99,2342.1154931729234,3653.1000000000004
france,2019-10-04,15301.69,2313.3399112878715,3715.4000000000005
france,2019-10-05,15213.249999999998,2313.3399112878715,3482.1200000000003
france,2019-10-06,15302.000000000002,2313.3399112878715,3263.850000000001
france,2019-10-07,15465.84,2313.3399112878715,2970.980000000001
france,2019-10-08,15563.020000000002,2342.1154931729234,3057.42
france,2019-10-09,15193.660000000002,2110.6030037796004,3778.59
france,2019-10-10,15334.94,2014.3529342818654,3962.8
france,2019-10-11,15286.260000000002,2081.8274218945485,3992.42
france,2019-10-12,15211.740000000002,2163.4209458680607,4066.16
france,2019-10-13,15447.680000000002,2163.4209458680607,3857.4500000000003
france,2019-10-14,15598.39,2163.4209458680607,3853.2
france,2019-10-15,15699.140000000001,2110.6030037796004,3854.2599999999998
france,2019-10-16,16194.53,2101.7917995117314,3856.3799999999997
france,2019-10-17,16211.39,2134.44504805297,3573.22
france,2019-10-18,16103.650000000001,2114.480670435787,3622.1799999999994
france,2019-10-19,16275.87,2114.480670435787,3453.3599999999997
france,2019-10-20,16311.26,2114.480670435787,3146.3099999999995
france,2019-10-21,16490.88,2114.480670435787,3046.4299999999994
france,2019-10-22,16566.97,2134.44504805297,3046.4299999999994
france,2019-10-23,17089.620000000003,2376.675675299216,2881.7799999999997
france,2019-10-24,17248.070000000003,2248.780376325651,2876.7799999999997
france,2019-10-25,4546.25,1387.8216892599673,15514.500000000002
france,2019-10-26,4288.99,1387.8216892599673,15670.780000000002
france,2019-10-27,4484.45,1387.8216892599673,15438.350000000002
france,2019-10-28,4572.53,1337.078850777613,15296.360000000002
france,2019-10-29,4966.539999999999,1365.8544326626652,15342.550000000003
france,2019-10-30,4817.15,1365.8544326626652,15594.370000000003
france,2019-10-31,4965.4400000000005,1365.8544326626652,15496.980000000001
france,2019-11-01,4726.620000000001,2469.158086828083,15665.560000000003
france,2019-11-02,4766.930000000001,2469.158086828083,15363.99
france,2019-11-03,4873.66,2469.158086828083,15301.69
france,2019-11-04,5142.140000000001,2469.158086828083,15213.249999999998
france,2019-11-05,5190.369999999999,2489.122464445266,15302.000000000002
france,2019-11-06,5079.4299999999985,2489.122464445266,15465.84
france,2019-11-07,4940.3099999999995,2489.122464445266,15563.020000000002
germany,2019-08-01,2445.68,1703.5402552818919,2679.0999999999995
germany,2019-08-02,2235.33,1710.1662386824164,2889.45
germany,2019-08-03,2418.0099999999998,1743.7716070510085,3048.58
germany,2019-08-04,2433.6499999999996,1766.375097298411,2873.12
germany,2019-08-05,2609.8999999999996,1821.3395092923572,2727.6400000000003
germany,2019-08-06,2553.6900000000005,1790.196736950465,2783.8500000000004
germany,2019-08-07,2666.89,1721.2749361805452,2813.2900000000004
germany,2019-08-08,2696.7,1766.5560860384555,2813.2900000000004
germany,2019-08-09,2686.75,1848.690128297112,2757.02
germany,2019-08-10,2993.07,1866.1863906509127,2705.09
germany,2019-08-11,2993.0699999999997,1874.4899730930458,2628.4599999999996
germany,2019-08-12,3017.4700000000003,2252.210522297277,2438.99
germany,2019-08-13,3062.0000000000005,2509.000677690337,2468.6299999999997
germany,2019-08-14,3026.7000000000003,2667.344221741457,2461.1
germany,2019-08-15,3052.5000000000005,2558.6385877425128,2613.08
germany,2019-08-16,3052.5000000000005,2916.6838373810033,2146.19
germany,2019-08-17,2923.76,2809.36132546845,2088.27
germany,2019-08-18,3072.3300000000004,2665.54665263221,1845.78
germany,2019-08-19,3038.460000000001,2785.5859492836034,1761.42
germany,2019-08-20,2979.0900000000006,2873.8776841989015,1987.75
germany,2019-08-21,2998.4800000000005,2780.9410131871095,1999.2499999999998
germany,2019-08-22,2983.6100000000006,2750.9631773137817,2089.79
germany,2019-08-23,2908.9900000000007,2472.3303159646375,2136.66
germany,2019-08-24,2816.24,2409.981679100837,2197.41
germany,2019-08-25,2900.58,2426.301113834092,2124.1499999999996
germany,2019-08-26,2972.02,2544.991018936044,2069.91
germany,2019-08-27,3073.07,2694.731054268099,2069.91
germany,2019-08-28,3071.1100000000006,2575.656643402955,2196.14
germany,2019-08-29,2574.9700000000003,2178.624654796396,2557.77
germany,2019-08-30,2564.3700000000003,2217.8464736851424,2369.96
germany,2019-08-31,2470.17,2202.784023701458,2445.68
germany,2019-09-01,2470.17,3589.39525934066,2235.33
germany,2019-09-02,2133.3299999999995,3706.069671924603,2418.0099999999998
germany,2019-09-03,2652.9999999999995,3702.8171744200245,2433.6499999999996
germany,2019-09-04,3097.2300000000005,3867.004264848115,2609.8999999999996
germany,2019-09-05,3423.7800000000007,3884.5670670637237,2553.6900000000005
germany,2019-09-06,3281.1400000000003,3893.9172918833483,2666.89
germany,2019-09-07,3251.33,3873.696694372525,2696.7
germany,2019-09-08,3320.0099999999998,3874.253866654872,2686.75
germany,2019-09-09,3176.21,4045.5448105038467,2993.07
germany,2019-09-10,3367.2200000000003,3940.315531060606,2993.0699999999997
germany,2019-09-11,3657.18,3934.9004345508665,3017.4700000000003
germany,2019-09-12,5029.98,3977.8870836612477,3062.0000000000005
germany,2019-09-13,5029.98,3878.983752813854,3026.7000000000003
germany,2019-09-14,4852.2,3875.015054596562,3052.5000000000005
germany,2019-09-15,5310.48,3872.3979520983657,3052.5000000000005
germany,2019-09-16,5528.679999999999,3833.363776881916,2923.76
germany,2019-09-17,5753.15,3994.0797669464796,3072.3300000000004
germany,2019-09-18,5921.74,3995.186472123248,3038.460000000001
germany,2019-09-19,5873.23,4037.222369922671,2979.0900000000006
germany,2019-09-20,5751.7699999999995,4012.313820572022,2998.4800000000005
germany,2019-09-21,5503.4400000000005,3941.1390602154793,2983.6100000000006
germany,2019-09-22,5515.240000000001,3890.534493774282,2908.9900000000007
germany,2019-09-23,5654.58,3811.980897156317,2816.24
germany,2019-09-24,5638.56,3911.666932753358,2900.58
germany,2019-09-25,5682.550000000001,3825.6651440205633,2972.02
germany,2019-09-26,5773.32,3872.047763230521,3073.07
germany,2019-09-27,5649.05,3904.1843341480285,3071.1100000000006
germany,2019-09-28,5592.33,3755.6361653619538,2574.9700000000003
germany,2019-09-29,5761.5,3757.6109810185203,2564.3700000000003
germany,2019-09-30,5761.5,3680.472442625663,2470.17
germany,2019-10-01,5825.78,3725.3286748857636,2470.17
germany,2019-10-02,5927.76,3595.906405525493,2133.3299999999995
germany,2019-10-03,5406.599999999999,3830.825127065297,2652.9999999999995
germany,2019-10-04,4773.859999999999,4137.192609719217,3097.2300000000005
germany,2019-10-05,4568.5599999999995,4063.309829963325,3423.7800000000007
germany,2019-10-06,4664.289999999999,4102.055281977513,3281.1400000000003
germany,2019-10-07,4738.719999999999,4091.844975429893,3251.33
germany,2019-10-08,4720.139999999999,4123.701997619048,3320.0099999999998
germany,2019-10-09,6679.47,4099.31418421116,3176.21
germany,2019-10-10,7027.76,4194.582711261425,3367.2200000000003
germany,2019-10-11,6713.400000000001,3869.6450511934822,3657.18
germany,2019-10-12,5266.43,3354.8398846410537,5029.98
germany,2019-10-13,5385.7300000000005,3354.8398846410537,5029.98
germany,2019-10-14,5511.410000000001,3354.8398846410537,4852.2
germany,2019-10-15,5538.260000000001,3354.8398846410537,5310.48
germany,2019-10-16,5749.900000000001,3351.168947141053,5528.679999999999
germany,2019-10-17,5505.040000000001,3358.7368866251804,5753.15
germany,2019-10-18,5319.150000000001,3358.7368866251804,5921.74
germany,2019-10-19,5266.000000000001,3369.132279085498,5873.23
germany,2019-10-20,5485.62,3369.132279085498,5751.7699999999995
germany,2019-10-21,5677.540000000001,3360.5125790854977,5503.4400000000005
germany,2019-10-22,5776.110000000001,3369.5861568632754,5515.240000000001
germany,2019-10-23,6177.410000000001,3361.870070752164,5654.58
germany,2019-10-24,6173.85,3372.2037602362907,5638.56
germany,2019-10-25,6058.420000000001,3376.0535345418466,5682.550000000001
germany,2019-10-26,5866.600000000001,3369.46635755772,5773.32
germany,2019-10-27,6094.160000000001,3369.46635755772,5649.05
germany,2019-10-28,6266.690000000001,3369.46635755772,5592.33
germany,2019-10-29,6181.820000000001,3323.24889178391,5761.5
germany,2019-10-30,6331.950000000001,3356.858120355338,5761.5
germany,2019-10-31,6318.54,3366.4868298791475,5825.78
germany,2019-11-01,6211.589999999999,3367.1036595087776,5927.76
germany,2019-11-02,6382.49,3364.8331714135397,5406.599999999999
germany,2019-11-03,6471.94,3364.8331714135397,4773.859999999999
germany,2019-11-04,6354.839999999999,3381.9911241913173,4568.5599999999995
germany,2019-11-05,6719.439999999999,3364.8331714135397,4664.289999999999
germany,2019-11-06,6837.34,3361.1622339135397,4738.719999999999
germany,2019-11-07,7066.3,3367.1036595087776,4720.139999999999
hong_kong,2019-08-01,414.75,2837.39068398578,0.0
hong_kong,2019-08-02,414.75,2837.39068398578,0.0
hong_kong,2019-08-03,414.75,2837.39068398578,0.0
hong_kong,2019-08-04,414.75,2837.39068398578,0.0
hong_kong,2019-08-05,414.75,2837.39068398578,0.0
hong_kong,2019-08-06,414.75,2837.39068398578,0.0
hong_kong,2019-08-07,414.75,2837.39068398578,0.0
hong_kong,2019-08-08,414.75,2837.39068398578,0.0
hong_kong,2019-08-09,414.75,3084.680214687337,0.0
hong_kong,2019-08-10,414.75,3084.680214687337,0.0
hong_kong,2019-08-11,414.75,3084.680214687337,0.0
hong_kong,2019-08-12,414.75,3084.680214687337,0.0
hong_kong,2019-08-13,414.75,3084.680214687337,0.0
hong_kong,2019-08-14,414.75,3084.680214687337,0.0
hong_kong,2019-08-15,414.75,3084.680214687337,0.0
hong_kong,2019-08-16,414.75,3084.680214687337,0.0
hong_kong,2019-08-17,414.75,3084.680214687337,0.0
hong_kong,2019-08-18,5722.65,3084.680214687337,0.0
hong_kong,2019-08-19,5722.65,3084.680214687337,0.0
hong_kong,2019-08-20,5722.65,3084.680214687337,0.0
hong_kong,2019-08-21,5307.9,1202.3531776315062,414.75
hong_kong,2019-08-22,5307.9,1202.3531776315062,414.75
hong_kong,2019-08-23,5307.9,1140.1215648025004,414.75
hong_kong,2019-08-24,5307.9,1140.1215648025004,414.75
hong_kong,2019-08-25,5307.9,1140.1215648025004,414.75
hong_kong,2019-08-26,5307.9,1202.3531776315062,414.75
hong_kong,2019-08-27,5307.9,1202.3531776315062,414.75
hong_kong,2019-08-28,5307.9,1202.3531776315062,414.75
hong_kong,2019-08-29,5307.9,1202.3531776315062,414.75
hong_kong,2019-08-30,5307.9,1140.1215648025004,414.75
hong_kong,2019-08-31,5307.9,1140.1215648025004,414.75
hong_kong,2019-09-01,5307.9,705.5369042102635,414.75
hong_kong,2019-09-02,5318.849999999999,767.7685170392692,414.75
hong_kong,2019-09-03,5318.849999999999,767.7685170392692,414.75
hong_kong,2019-09-04,5318.849999999999,1779.050856182514,414.75
hong_kong,2019-09-05,5318.849999999999,1779.050856182514,414.75
hong_kong,2019-09-06,5318.849999999999,1716.8192433535082,414.75
hong_kong,2019-09-07,5318.849999999999,1716.8192433535082,414.75
hong_kong,2019-09-08,5318.849999999999,1716.8192433535082,414.75
hong_kong,2019-09-09,5318.849999999999,1779.050856182514,414.75
hong_kong,2019-09-10,5318.849999999999,1779.050856182514,414.75
hong_kong,2019-09-11,5318.849999999999,1779.050856182514,414.75
hong_kong,2019-09-12,5318.849999999999,1779.050856182514,414.75
hong_kong,2019-09-13,5318.849999999999,1716.8192433535082,414.75
hong_kong,2019-09-14,5318.849999999999,1716.8192433535082,414.75
hong_kong,2019-09-15,5318.849999999999,1716.8192433535082,414.75
hong_kong,2019-09-16,5418.61,1779.050856182514,414.75
hong_kong,2019-09-17,110.71000000000001,-545.3514184489861,5722.65
hong_kong,2019-09-18,110.71000000000001,-545.3514184489861,5722.65
hong_kong,2019-09-19,110.71000000000001,-545.3514184489861,5722.65
hong_kong,2019-09-20,110.71000000000001,-607.5830312779917,5307.9
hong_kong,2019-09-21,110.71000000000001,-607.5830312779917,5307.9
hong_kong,2019-09-22,110.71000000000001,-607.5830312779917,5307.9
hong_kong,2019-09-23,110.71000000000001,-545.3514184489861,5307.9
hong_kong,2019-09-24,110.71000000000001,-545.3514184489861,5307.9
hong_kong,2019-09-25,110.71000000000001,-545.3514184489861,5307.9
hong_kong,2019-09-26,129.46,-545.3514184489861,5307.9
hong_kong,2019-09-27,129.46,-607.5830312779917,5307.9
hong_kong,2019-09-28,129.46,-607.5830312779917,5307.9
hong_kong,2019-09-29,129.46,-607.5830312779917,5307.9
hong_kong,2019-09-30,129.46,-545.3514184489861,5307.9
hong_kong,2019-10-01,129.46,-170.962722384932,5307.9
hong_kong,2019-10-02,118.51,-170.962722384932,5318.849999999999
hong_kong,2019-10-03,118.51,-170.962722384932,5318.849999999999
hong_kong,2019-10-04,118.51,-233.1943352139378,5318.849999999999
hong_kong,2019-10-05,118.51,-233.1943352139378,5318.849999999999
hong_kong,2019-10-06,118.51,-233.1943352139378,5318.849999999999
hong_kong,2019-10-07,118.51,-170.962722384932,5318.849999999999
hong_kong,2019-10-08,118.51,-170.962722384932,5318.849999999999
hong_kong,2019-10-09,118.51,-170.962722384932,5318.849999999999
hong_kong,2019-10-10,118.51,-170.962722384932,5318.849999999999
hong_kong,2019-10-11,118.51,-233.1943352139378,5318.849999999999
hong_kong,2019-10-12,118.51,-233.1943352139378,5318.849999999999
hong_kong,2019-10-13,770.71,-233.1943352139378,5318.849999999999
netherlands,2019-08-01,815.4399999999999,605.2503167073232,26.02
netherlands,2019-08-02,815.44,626.3204515731692,26.02
netherlands,2019-08-03,815.44,624.6583870928234,26.02
netherlands,2019-08-04,815.44,624.6583870928234,26.02
netherlands,2019-08-05,815.4399999999999,629.4973542683504,26.02
netherlands,2019-08-06,815.4399999999999,629.4973542683504,26.02
netherlands,2019-08-07,738.26,501.3232109524708,232.43
netherlands,2019-08-08,764.3,568.2779158359317,232.43
netherlands,2019-08-09,494.91,515.0255115610331,501.82
netherlands,2019-08-10,489.32,495.245221144293,507.40999999999997
netherlands,2019-08-11,489.32,495.245221144293,507.40999999999997
netherlands,2019-08-12,836.3399999999999,504.9661468992714,507.40999999999997
netherlands,2019-08-13,836.3399999999999,504.9661468992714,507.40999999999997
netherlands,2019-08-14,836.3399999999999,556.9108628506746,507.40999999999997
netherlands,2019-08-15,836.3399999999999,574.1652582895094,507.4099999999999
netherlands,2019-08-16,629.9399999999999,568.685696490635,713.81
netherlands,2019-08-17,629.9399999999999,565.60450447337,687.79
netherlands,2019-08-18,995.0899999999999,565.60450447337,687.79
netherlands,2019-08-19,995.0899999999999,572.9976430845295,687.79
netherlands,2019-08-20,995.0899999999999,555.7432476456946,687.79
netherlands,2019-08-21,1041.87,570.1722582477431,690.74
netherlands,2019-08-22,1041.87,587.426653686578,690.74
netherlands,2019-08-23,1041.87,523.9734132133822,690.74
netherlands,2019-08-24,919.89,546.6891320976342,812.72
netherlands,2019-08-25,919.89,546.6891320976342,812.72
netherlands,2019-08-26,919.89,549.6292956001112,812.72
netherlands,2019-08-27,919.89,549.6292956001112,812.7199999999999
netherlands,2019-08-28,919.89,549.6292956001112,812.72
netherlands,2019-08-29,917.1700000000001,553.865879885769,815.4399999999999
netherlands,2019-08-30,917.17,576.6996159669604,815.44
netherlands,2019-08-31,917.17,547.4535081743581,815.4399999999999
netherlands,2019-09-01,917.17,770.2642434135598,815.44
netherlands,2019-09-02,917.1700000000001,773.2044069160368,815.44
netherlands,2019-09-03,1009.02,773.2044069160368,815.44
netherlands,2019-09-04,1076.2,783.989328887428,815.4399999999999
netherlands,2019-09-05,1101.55,783.989328887428,815.4399999999999
netherlands,2019-09-06,972.32,892.4165681286527,738.26
netherlands,2019-09-07,946.2800000000001,887.3901373423848,764.3
netherlands,2019-09-08,946.2800000000001,926.4733210248598,494.91
netherlands,2019-09-09,946.2800000000001,920.7055950189525,489.32
netherlands,2019-09-10,946.2800000000001,920.7055950189525,489.32
netherlands,2019-09-11,599.26,861.6761710061976,836.3399999999999
netherlands,2019-09-12,599.2600000000001,875.4299804181067,836.3399999999999
netherlands,2019-09-13,599.26,929.4022613954825,836.3399999999999
netherlands,2019-09-14,599.2600000000001,925.1860254795041,836.3399999999999
netherlands,2019-09-15,599.26,835.3861430722761,629.9399999999999
netherlands,2019-09-16,702.95,831.3532594153454,629.9399999999999
netherlands,2019-09-17,337.79999999999995,657.1699634423327,995.0899999999999
netherlands,2019-09-18,701.27,680.4898515461703,995.0899999999999
netherlands,2019-09-19,785.13,680.4898515461703,995.0899999999999
netherlands,2019-09-20,735.4,676.8839653802203,1041.87
netherlands,2019-09-21,735.4,672.6677294642419,1041.87
netherlands,2019-09-22,735.4,689.9221249030768,1041.87
netherlands,2019-09-23,735.4,798.3619235010235,919.89
netherlands,2019-09-24,735.4,828.4535986813515,919.89
netherlands,2019-09-25,784.6300000000001,845.7079941201864,919.89
netherlands,2019-09-26,784.63,845.7079941201864,919.89
netherlands,2019-09-27,784.6300000000001,816.8458517857987,919.89
netherlands,2019-09-28,784.6300000000001,815.1837873054529,917.1700000000001
netherlands,2019-09-29,784.6300000000001,815.1837873054529,917.17
netherlands,2019-09-30,784.63,818.1239508079299,917.17
netherlands,2019-10-01,922.06,750.163116486426,917.17
netherlands,2019-10-02,922.0600000000002,732.9087210475911,917.1700000000001
netherlands,2019-10-03,830.21,721.1190444416529,1009.02
netherlands,2019-10-04,763.03,620.4044107090789,1076.2
netherlands,2019-10-05,737.6800000000001,620.8783726547063,1101.55
netherlands,2019-10-06,737.6800000000001,762.5755164485147,972.32
netherlands,2019-10-07,737.6800000000001,793.0340865443168,946.2800000000001
netherlands,2019-10-08,737.6800000000001,793.0340865443168,946.2800000000001
netherlands,2019-10-09,907.6600000000001,793.0340865443168,946.2800000000001
netherlands,2019-10-10,907.6600000000001,793.0340865443168,946.2800000000001
netherlands,2019-10-11,907.6600000000001,842.871685829435,599.26
netherlands,2019-10-12,907.6600000000001,843.3456477750624,599.2600000000001
netherlands,2019-10-13,907.6600000000001,843.3456477750624,599.26
netherlands,2019-10-14,907.6600000000001,846.0485885246162,599.2600000000001
netherlands,2019-10-15,925.86,846.0485885246162,599.26
netherlands,2019-10-16,822.1700000000001,871.1384890935568,702.95
netherlands,2019-10-17,841.4200000000001,853.8486826664488,337.79999999999995
netherlands,2019-10-18,477.95,734.0188842280645,701.27
netherlands,2019-10-19,435.05999999999995,585.889918902911,785.13
netherlands,2019-10-20,435.05999999999995,676.1527646832219,735.4
netherlands,2019-10-21,507.38999999999993,672.5045946098757,735.4
netherlands,2019-10-22,649.79,672.5045946098757,735.4
netherlands,2019-10-23,649.79,677.1537565173846,735.4
netherlands,2019-10-24,649.79,677.1537565173846,735.4
netherlands,2019-10-25,600.56,727.7807306231689,784.6300000000001
netherlands,2019-10-26,600.56,723.5644947071905,784.63
netherlands,2019-10-27,600.56,723.5644947071905,784.6300000000001
netherlands,2019-10-28,600.56,729.0588296453001,784.6300000000001
netherlands,2019-10-29,621.8,729.0588296453001,784.6300000000001
netherlands,2019-10-30,621.8,729.0588296453001,784.63
netherlands,2019-10-31,484.37,515.7370472364892,922.06
netherlands,2019-11-01,484.37,507.4109122613289,922.0600000000002
netherlands,2019-11-02,484.37,657.3954611855086,830.21
netherlands,2019-11-03,484.37,657.3954611855086,763.03
netherlands,2019-11-04,484.37,660.3356246879855,737.6800000000001
netherlands,2019-11-05,683.97,660.3356246879855,737.6800000000001
netherlands,2019-11-06,685.76,660.3356246879855,737.6800000000001
norway,2019-08-01,502.44000000000005,-57.27511409960453,168.63
norway,2019-08-02,502.44000000000005,-57.27511409960453,168.63
norway,2019-08-03,502.44000000000005,-107.55973606701195,168.63
norway,2019-08-04,502.44000000000005,-107.55973606701195,168.63
norway,2019-08-05,502.43999999999994,-107.55973606701195,168.63
norway,2019-08-06,502.44,-38.14181920589946,168.63
norway,2019-08-07,502.44,-38.14181920589946,168.63
norway,2019-08-08,553.5899999999999,-57.27511409960453,331.87
norway,2019-08-09,553.5899999999999,-57.27511409960453,331.87
norway,2019-08-10,308.27,-37.1785981319622,577.19
norway,2019-08-11,308.27,-37.1785981319622,577.19
norway,2019-08-12,308.27,-37.1785981319622,577.19
norway,2019-08-13,308.27,69.94865061722385,577.19
norway,2019-08-14,410.17999999999995,69.94865061722385,577.19
norway,2019-08-15,410.17999999999995,-66.3775766366443,577.19
norway,2019-08-16,410.17999999999995,-66.3775766366443,577.19
norway,2019-08-17,410.17999999999995,-66.3775766366443,577.19
norway,2019-08-18,531.77,-66.3775766366443,577.19
norway,2019-08-19,646.22,-66.3775766366443,408.56
norway,2019-08-20,646.22,40.749672112541774,408.56
norway,2019-08-21,646.22,40.749672112541774,408.56
norway,2019-08-22,646.22,-66.3775766366443,408.56
norway,2019-08-23,646.22,-66.3775766366443,408.56
norway,2019-08-24,646.22,-116.66219860405172,408.56
norway,2019-08-25,646.22,-116.66219860405172,408.56
norway,2019-08-26,646.22,-116.66219860405172,408.56
norway,2019-08-27,756.27,-26.154636047872483,408.56
norway,2019-08-28,756.27,-26.154636047872483,408.56
norway,2019-08-29,746.67,174.17389377761657,418.16
norway,2019-08-30,662.3899999999999,-66.3775766366443,502.44000000000005
norway,2019-08-31,662.3899999999999,-66.3775766366443,502.44000000000005
norway,2019-09-01,662.39,-58.08936354406536,502.44000000000005
norway,2019-09-02,662.39,-58.08936354406536,502.44000000000005
norway,2019-09-03,662.39,49.037885205120716,502.44000000000005
norway,2019-09-04,662.39,49.037885205120716,502.43999999999994
norway,2019-09-05,662.39,-58.08936354406536,502.44
norway,2019-09-06,662.39,-58.08936354406536,502.44
norway,2019-09-07,448.0,-58.08936354406536,553.5899999999999
norway,2019-09-08,448.0,-58.08936354406536,553.5899999999999
norway,2019-09-09,454.0,-48.9869010070256,308.27
norway,2019-09-10,653.08,37.05070204709373,308.27
norway,2019-09-11,653.08,37.05070204709373,308.27
norway,2019-09-12,653.08,-48.9869010070256,308.27
norway,2019-09-13,551.1700000000001,-28.89038503938327,410.17999999999995
norway,2019-09-14,551.1700000000001,-83.4414834300477,410.17999999999995
norway,2019-09-15,551.1700000000001,-83.4414834300477,410.17999999999995
norway,2019-09-16,551.1700000000001,-83.4414834300477,410.17999999999995
norway,2019-09-17,429.58000000000004,23.685765319138355,531.77
norway,2019-09-18,315.13,52.88474382382046,646.22
norway,2019-09-19,315.13,-54.24250492536559,646.22
norway,2019-09-20,315.13,-83.4414834300477,646.22
norway,2019-09-21,315.13,-83.4414834300477,646.22
norway,2019-09-22,315.13,-83.4414834300477,646.22
norway,2019-09-23,315.13,-83.4414834300477,646.22
norway,2019-09-24,315.13,23.685765319138355,646.22
norway,2019-09-25,529.64,23.685765319138355,646.22
norway,2019-09-26,511.37,-83.4414834300477,756.27
norway,2019-09-27,511.37,-83.4414834300477,756.27
norway,2019-09-28,511.37,-83.4414834300477,746.67
norway,2019-09-29,511.37,-83.4414834300477,662.3899999999999
norway,2019-09-30,511.37,-83.4414834300477,662.3899999999999
norway,2019-10-01,511.37,-43.908025538955016,662.39
norway,2019-10-02,597.9,-18.555905652972694,662.39
norway,2019-10-03,597.9,4.587251784908375,662.39
norway,2019-10-04,597.9,4.587251784908375,662.39
norway,2019-10-05,688.0899999999999,4.587251784908375,662.39
norway,2019-10-06,688.0899999999999,4.587251784908375,662.39
norway,2019-10-07,688.0899999999999,4.587251784908375,448.0
norway,2019-10-08,688.0899999999999,-18.555905652972694,448.0
norway,2019-10-09,682.0899999999999,-18.555905652972694,454.0
norway,2019-10-10,483.00999999999993,4.587251784908375,653.08
norway,2019-10-11,483.01,4.587251784908375,653.08
norway,2019-10-12,483.01,4.587251784908375,653.08
norway,2019-10-13,483.01,4.587251784908375,551.1700000000001
norway,2019-10-14,483.00999999999993,4.587251784908375,551.1700000000001
norway,2019-10-15,483.01,-18.555905652972694,551.1700000000001
norway,2019-10-16,483.01,-18.555905652972694,551.1700000000001
norway,2019-10-17,669.05,4.587251784908375,429.58000000000004
norway,2019-10-18,669.05,-48.295402767466776,315.13
norway,2019-10-19,669.05,-48.295402767466776,315.13
norway,2019-10-20,669.05,-48.295402767466776,315.13
norway,2019-10-21,669.05,-48.295402767466776,315.13
norway,2019-10-22,669.05,-92.5282059004146,315.13
norway,2019-10-23,669.05,-92.5282059004146,315.13
norway,2019-10-24,882.1199999999999,-98.58002473487426,315.13
norway,2019-10-25,667.6099999999999,4.587251784908375,529.64
norway,2019-10-26,575.8299999999999,4.587251784908375,511.37
norway,2019-10-27,575.8299999999999,4.587251784908375,511.37
norway,2019-10-28,575.8299999999999,4.587251784908375,511.37
norway,2019-10-29,740.53,-18.555905652972694,511.37
norway,2019-10-30,740.53,-18.555905652972694,511.37
norway,2019-10-31,740.53,4.587251784908375,511.37
norway,2019-11-01,654.0,184.11503169224977,597.9
norway,2019-11-02,654.0,184.11503169224977,597.9
norway,2019-11-03,715.43,184.11503169224977,597.9
norway,2019-11-04,625.2399999999999,184.11503169224977,688.0899999999999
norway,2019-11-05,625.2399999999999,5.214777576331831,688.0899999999999
norway,2019-11-06,625.2399999999999,5.214777576331831,688.0899999999999
norway,2019-11-07,782.2399999999999,184.11503169224977,688.0899999999999
portugal,2019-08-01,91.15,1806.857380163591,201.46
portugal,2019-08-02,91.15,2121.9041057886634,201.46
portugal,2019-08-03,91.15,2185.9347473310536,201.46
portugal,2019-08-04,91.15,2226.8796726637793,201.46
portugal,2019-08-05,91.15,2928.6915059510293,201.46
portugal,2019-08-06,91.15,2871.569321215831,201.46
portugal,2019-08-07,91.15,2813.312276708004,201.46
portugal,2019-08-08,91.15,2801.829618099021,201.46
portugal,2019-08-09,91.15,2087.3195814132814,201.46
portugal,2019-08-10,91.15,1910.469333432929,50.74
portugal,2019-08-11,91.15,1951.4142587656547,50.74
portugal,2019-08-12,91.15,1938.4411039889085,50.74
portugal,2019-08-13,39.59,1559.4510927285532,102.30000000000001
portugal,2019-08-14,39.59,1511.7986196922811,102.30000000000001
portugal,2019-08-15,39.59,2787.7631262010536,102.30000000000001
portugal,2019-08-16,39.59,3949.63027805797,102.30000000000001
portugal,2019-08-17,39.59,3591.9769548803843,52.81
portugal,2019-08-18,39.59,3632.92188021311,52.81
portugal,2019-08-19,39.59,3619.948725436363,52.81
portugal,2019-08-20,39.59,4269.09895842962,52.81
portugal,2019-08-21,131.91,4210.841913921793,52.81
portugal,2019-08-22,131.91,4244.745471761709,52.81
portugal,2019-08-23,131.91,4358.675675900454,52.81
portugal,2019-08-24,191.76,4006.3551610413424,52.81
portugal,2019-08-25,191.76,4122.330311829232,52.81
portugal,2019-08-26,191.76,4109.357157052486,52.81
portugal,2019-08-27,191.76,4122.898329593499,52.81
portugal,2019-08-28,191.76,4064.6412850856714,52.81
portugal,2019-08-29,191.76,4250.234645033077,52.81
portugal,2019-08-30,191.76,4245.182006438187,52.81
portugal,2019-08-31,152.17,4013.8878546785245,91.15
portugal,2019-09-01,152.17,3062.1636185586767,91.15
portugal,2019-09-02,152.17,3049.1904637819307,91.15
portugal,2019-09-03,152.17,3075.533855292714,91.15
portugal,2019-09-04,575.6899999999999,2302.4918227208914,91.15
portugal,2019-09-05,575.6899999999999,2286.968661181969,91.15
portugal,2019-09-06,575.6899999999999,2908.3518102630405,91.15
portugal,2019-09-07,575.6899999999999,3278.493425136141,91.15
portugal,2019-09-08,575.6899999999999,3319.4383504688667,91.15
portugal,2019-09-09,779.2299999999999,5709.03068724934,91.15
portugal,2019-09-10,779.23,5651.90850251414,91.15
portugal,2019-09-11,911.2299999999999,5593.651458006313,91.15
portugal,2019-09-12,1107.7399999999998,5528.761240772697,39.59
portugal,2019-09-13,1107.7399999999998,5567.661219456277,39.59
portugal,2019-09-14,1107.74,4351.049094509702,39.59
portugal,2019-09-15,2405.7,3269.0268466690914,39.59
portugal,2019-09-16,2405.7,3256.0536918923453,39.59
portugal,2019-09-17,2465.6,3198.9315071571464,39.59
portugal,2019-09-18,2465.6,3140.674462649319,39.59
portugal,2019-09-19,2465.6,3192.733584924046,39.59
portugal,2019-09-20,2373.28,2927.067964383531,131.91
portugal,2019-09-21,2373.28,2991.098605925922,131.91
portugal,2019-09-22,2373.28,2957.0133058034826,131.91
portugal,2019-09-23,2421.11,3001.1527772379104,191.76
portugal,2019-09-24,2421.11,2869.000367047546,191.76
portugal,2019-09-25,2421.1099999999997,2810.743322539719,191.76
portugal,2019-09-26,2421.11,3868.8111729468555,191.76
portugal,2019-09-27,2421.11,4223.489651148652,191.76
portugal,2019-09-28,2421.11,4086.403771204711,191.76
portugal,2019-09-29,2421.11,4127.348696537438,191.76
portugal,2019-09-30,2421.11,4191.272678606211,152.17
portugal,2019-10-01,2421.11,3503.9808844054714,152.17
portugal,2019-10-02,2462.4,4099.685509101537,152.17
portugal,2019-10-03,2462.4,4000.6967713166314,152.17
portugal,2019-10-04,2038.88,5339.221659361047,575.6899999999999
portugal,2019-10-05,2038.88,5403.252300903438,575.6899999999999
portugal,2019-10-06,2103.58,4861.714055838671,575.6899999999999
portugal,2019-10-07,2103.58,4843.671912301054,575.6899999999999
portugal,2019-10-08,2103.58,5436.515704289886,575.6899999999999
portugal,2019-10-09,1900.0400000000002,3121.831534921005,779.2299999999999
portugal,2019-10-10,1914.65,3938.4168703451414,779.23
portugal,2019-10-11,1782.65,4300.809978662335,911.2299999999999
portugal,2019-10-12,1586.1399999999999,4517.361345396594,1107.7399999999998
portugal,2019-10-13,1669.16,4558.306270729319,1107.7399999999998
portugal,2019-10-14,1669.16,4545.333115952573,1107.74
portugal,2019-10-15,371.2,4893.247472990629,2405.7
portugal,2019-10-16,394.9,5004.623453148565,2405.7
portugal,2019-10-17,335.0,5064.348565859938,2465.6
portugal,2019-10-18,335.0,5043.371072268527,2465.6
portugal,2019-10-19,334.99999999999994,5071.661464509375,2465.6
portugal,2019-10-20,442.73,4888.151827420669,2373.28
portugal,2019-10-21,442.73,4875.178672643923,2373.28
portugal,2019-10-22,442.73,4620.448208100307,2373.28
portugal,2019-10-23,529.08,7635.393814658301,2421.11
portugal,2019-10-24,529.08,7609.3107371795995,2421.11
portugal,2019-10-25,529.08,8084.548549022216,2421.1099999999997
portugal,2019-10-26,529.0799999999999,7005.505692406658,2421.11
portugal,2019-10-27,529.08,7046.450617739384,2421.11
portugal,2019-10-28,529.0799999999999,7033.477462962638,2421.11
portugal,2019-10-29,557.08,7643.72008468215,2421.11
portugal,2019-10-30,557.0799999999999,7566.479872421481,2421.11
portugal,2019-10-31,664.5,7493.051553477141,2421.11
portugal,2019-11-01,623.2099999999999,6884.707536912489,2462.4
portugal,2019-11-02,623.2099999999999,6948.738178454879,2462.4
portugal,2019-11-03,686.1299999999999,5180.235875937637,2038.88
portugal,2019-11-04,778.6599999999999,5523.323317699602,2038.88
portugal,2019-11-05,800.1399999999999,5588.868831891087,2103.58
singapore,2019-08-01,0.0,56.87326186589636,230.46
singapore,2019-08-02,0.0,-58.065961860036516,230.46
singapore,2019-08-03,0.0,-55.679599552329364,230.46
singapore,2019-08-04,0.0,19.374459036056365,230.46
singapore,2019-08-05,0.0,521.7299559347223,230.46
singapore,2019-08-06,0.0,521.7299559347223,230.46
singapore,2019-08-07,0.0,584.4691525987013,230.46
singapore,2019-08-08,0.0,584.4691525987013,230.46
singapore,2019-08-09,0.0,489.3283604332706,230.46
singapore,2019-08-10,0.0,500.30206104094776,230.46
singapore,2019-08-11,0.0,526.7030096959169,230.46
singapore,2019-08-12,0.0,521.7299559347223,230.46
singapore,2019-08-13,0.0,521.7299559347223,230.46
singapore,2019-08-14,0.0,584.4691525987013,230.46
singapore,2019-08-15,0.0,872.0637844441521,0.0
singapore,2019-08-16,0.0,771.9499385175266,0.0
singapore,2019-08-17,0.0,782.9236391252037,0.0
singapore,2019-08-18,0.0,809.3245877801726,0.0
singapore,2019-08-19,0.0,809.3245877801726,0.0
singapore,2019-08-20,0.0,809.3245877801726,0.0
singapore,2019-08-21,0.0,872.0637844441521,0.0
singapore,2019-08-22,0.0,872.0637844441521,0.0
singapore,2019-08-23,0.0,771.9499385175266,0.0
singapore,2019-08-24,0.0,782.9236391252037,0.0
singapore,2019-08-25,0.0,809.3245877801726,0.0
singapore,2019-08-26,0.0,809.3245877801726,0.0
singapore,2019-08-27,0.0,809.3245877801726,0.0
singapore,2019-08-28,0.0,872.0637844441521,0.0
singapore,2019-08-29,0.0,872.0637844441521,0.0
singapore,2019-08-30,0.0,771.9499385175266,0.0
singapore,2019-08-31,0.0,782.9236391252037,0.0
singapore,2019-09-01,0.0,806.0475493285116,0.0
singapore,2019-09-02,0.0,806.0475493285116,0.0
singapore,2019-09-03,0.0,806.0475493285116,0.0
singapore,2019-09-04,0.0,57.73198306131786,0.0
singapore,2019-09-05,0.0,57.73198306131786,0.0
singapore,2019-09-06,0.0,-62.18029442580978,0.0
singapore,2019-09-07,0.0,-59.79393211810263,0.0
singapore,2019-09-08,0.0,15.260126470283105,0.0
singapore,2019-09-09,0.0,35.05855803078536,0.0
singapore,2019-09-10,0.0,35.05855803078536,0.0
singapore,2019-09-11,0.0,57.73198306131786,0.0
singapore,2019-09-12,169.35999999999999,57.73198306131786,0.0
singapore,2019-09-13,169.35999999999999,-62.18029442580978,0.0
singapore,2019-09-14,169.35999999999999,-59.79393211810263,0.0
singapore,2019-09-15,169.35999999999999,15.260126470283105,0.0
singapore,2019-09-16,169.35999999999999,35.05855803078536,0.0
singapore,2019-09-17,12305.48,35.05855803078536,0.0
spain,2019-08-01,896.5300000000001,581.18423741995,615.0600000000001
spain,2019-08-02,646.7,374.7297766677947,864.8900000000001
spain,2019-08-03,646.7000000000002,557.26354669782,822.3900000000001
spain,2019-08-04,898.8300000000002,579.5677006412255,683.3900000000001
spain,2019-08-05,898.83,617.6620844531144,683.3900000000001
spain,2019-08-06,898.83,616.5516988196568,683.3900000000001
spain,2019-08-07,1028.83,616.5516988196568,683.3900000000001
spain,2019-08-08,1028.83,504.791190624526,505.15000000000003
spain,2019-08-09,1028.83,534.3830165509121,505.1500000000001
spain,2019-08-10,1028.8300000000002,534.3830165509121,505.1500000000001
spain,2019-08-11,1028.8300000000002,534.3830165509121,505.1500000000001
spain,2019-08-12,1028.8300000000002,534.3830165509121,505.15000000000003
spain,2019-08-13,1028.8300000000002,534.3830165509121,505.1500000000001
spain,2019-08-14,899.46,595.3579305097088,634.5200000000001
spain,2019-08-15,854.95,595.3579305097088,679.0300000000001
spain,2019-08-16,854.95,720.1704882087553,679.03
spain,2019-08-17,854.9500000000002,720.1704882087553,633.94
spain,2019-08-18,966.5500000000001,720.1704882087553,633.94
spain,2019-08-19,966.4500000000002,720.1704882087553,659.5400000000001
spain,2019-08-20,1142.6000000000001,720.1704882087553,659.5400000000001
spain,2019-08-21,1142.6000000000001,745.2015645643428,659.5400000000001
spain,2019-08-22,1251.99,720.1704882087553,558.07
spain,2019-08-23,1251.99,720.1704882087553,558.07
spain,2019-08-24,1337.93,720.1704882087553,558.07
spain,2019-08-25,1337.93,686.4505877825836,512.67
spain,2019-08-26,1081.95,721.2808738422128,812.45
spain,2019-08-27,1081.95,721.2808738422128,812.45
spain,2019-08-28,1081.9499999999998,957.7795006832475,812.45
spain,2019-08-29,997.8699999999999,557.3387529266332,896.5300000000001
spain,2019-08-30,997.8699999999999,557.3387529266332,896.5300000000001
spain,2019-08-31,997.8699999999999,557.3387529266332,896.5300000000001
spain,2019-09-01,1007.8199999999999,721.2808738422128,646.7
spain,2019-09-02,1009.0699999999999,721.2808738422128,646.7000000000002
spain,2019-09-03,756.94,957.7795006832475,898.8300000000002
spain,2019-09-04,756.94,721.2808738422128,898.83
spain,2019-09-05,880.0200000000001,721.2808738422128,898.83
spain,2019-09-06,750.0200000000001,549.543529907107,1028.83
spain,2019-09-07,750.02,549.543529907107,1028.83
spain,2019-09-08,750.02,549.543529907107,1028.83
spain,2019-09-09,750.02,549.543529907107,1028.8300000000002
spain,2019-09-10,750.02,577.5240530670193,1028.8300000000002
spain,2019-09-11,750.02,814.022679908054,1028.8300000000002
spain,2019-09-12,859.25,808.6909093567848,1028.8300000000002
spain,2019-09-13,859.25,982.8105770388352,899.46
spain,2019-09-14,859.25,982.8105770388352,854.95
spain,2019-09-15,968.48,639.5298986173457,854.95
spain,2019-09-16,1067.25,982.8105770388352,854.9500000000002
spain,2019-09-17,1011.2200000000001,1038.538670196922,966.5500000000001
spain,2019-09-18,1127.1200000000001,968.294291204952,966.4500000000002
spain,2019-09-19,950.97,1042.3958470964171,1142.6000000000001
spain,2019-09-20,950.97,1058.2424081693907,1142.6000000000001
spain,2019-09-21,778.22,1042.3958470964171,1251.99
spain,2019-09-22,869.21,1042.3958470964171,1251.99
spain,2019-09-23,783.27,801.9862187214164,1337.93
spain,2019-09-24,914.21,801.9862187214164,1337.93
spain,2019-09-25,870.4100000000001,780.7103861968726,1081.95
spain,2019-09-26,870.4100000000001,780.7103861968726,1081.95
spain,2019-09-27,870.4100000000001,780.7103861968726,1081.9499999999998
spain,2019-09-28,1248.16,963.7920254592711,997.8699999999999
spain,2019-09-29,1248.16,963.7920254592711,997.8699999999999
spain,2019-09-30,1248.16,988.8231018148587,997.8699999999999
spain,2019-10-01,1238.21,988.8231018148587,1007.8199999999999
spain,2019-10-02,1314.98,833.7219857123724,1009.0699999999999
spain,2019-10-03,1523.52,1004.6696628878323,756.94
spain,2019-10-04,1523.52,1004.6696628878323,756.94
spain,2019-10-05,1400.44,824.5374704297584,880.0200000000001
spain,2019-10-06,1468.88,979.6385865322447,750.0200000000001
spain,2019-10-07,1573.2800000000002,979.6385865322447,750.02
spain,2019-10-08,1573.2800000000002,979.6385865322447,750.02
spain,2019-10-09,1742.1800000000003,979.6385865322447,750.02
spain,2019-10-10,1742.1800000000003,979.6385865322447,750.02
spain,2019-10-11,1742.1800000000003,979.6385865322447,750.02
spain,2019-10-12,1632.9500000000003,824.5374704297584,859.25
spain,2019-10-13,1632.95,829.8692409810276,859.25
spain,2019-10-14,1632.95,829.8692409810276,859.25
spain,2019-10-15,1523.7199999999998,784.1725831901138,968.48
spain,2019-10-16,1597.9,419.6732951156756,1067.25
spain,2019-10-17,1542.3300000000002,419.6732951156756,1011.2200000000001
spain,2019-10-18,1400.93,440.9491276402195,1127.1200000000001
spain,2019-10-19,1558.78,419.6732951156756,950.97
spain,2019-10-20,1665.6,419.6732951156756,950.97
spain,2019-10-21,1665.6,614.4988222617582,778.22
spain,2019-10-22,1587.31,431.96505223173244,869.21
spain,2019-10-23,1635.6499999999999,614.4988222617582,783.27
spain,2019-10-24,1504.7099999999998,431.96505223173244,914.21
spain,2019-10-25,1504.7099999999998,614.4988222617582,870.4100000000001
spain,2019-10-26,1504.71,614.4988222617582,870.4100000000001
spain,2019-10-27,1504.71,614.4988222617582,870.4100000000001
spain,2019-10-28,1195.9899999999998,453.24088475627633,1248.16
spain,2019-10-29,1195.99,453.24088475627633,1248.16
spain,2019-10-30,1195.99,453.24088475627633,1248.16
spain,2019-10-31,1195.99,704.4469392261971,1238.21
spain,2019-11-01,1117.97,704.4469392261971,1314.98
spain,2019-11-02,909.4300000000001,453.24088475627633,1523.52
spain,2019-11-03,909.4300000000001,453.24088475627633,1523.52
spain,2019-11-04,949.5100000000001,704.4469392261971,1400.44
spain,2019-11-05,991.47,440.9491276402195,1468.88
united_kingdom,2019-08-01,122573.46999999999,160683.7280146279,169441.481
united_kingdom,2019-08-02,117078.76,159232.74459175678,165855.001
united_kingdom,2019-08-03,116648.01999999997,156326.75544084894,164613.93099999998
united_kingdom,2019-08-04,120459.31999999999,158594.19025139778,158394.821
united_kingdom,2019-08-05,122117.9,159081.55893287866,152876.18099999998
united_kingdom,2019-08-06,123324.08,149909.05584288985,160785.751
united_kingdom,2019-08-07,123804.41,156556.83116244053,162825.321
united_kingdom,2019-08-08,123925.63,157003.2081063106,163829.121
united_kingdom,2019-08-09,110290.98,137805.1467538354,171285.31100000002
united_kingdom,2019-08-10,123280.86,153529.5411407768,148171.591
united_kingdom,2019-08-11,128609.63999999998,152990.27017327264,143423.581
united_kingdom,2019-08-12,135416.28,155775.20567509573,141164.691
united_kingdom,2019-08-13,137037.37999999998,155838.21678410438,143396.081
united_kingdom,2019-08-14,159209.46999999997,154544.17552522698,143049.581
united_kingdom,2019-08-15,158349.40999999997,153292.0650358297,123933.39100000002
united_kingdom,2019-08-16,155075.31999999998,151864.19985946227,123340.45100000002
united_kingdom,2019-08-17,157107.87999999998,160306.35960655042,114239.361
united_kingdom,2019-08-18,159789.75999999998,159243.32641451235,108125.191
united_kingdom,2019-08-19,163307.77,159653.66362706112,107205.85100000001
united_kingdom,2019-08-20,173544.86,161228.0604932646,110360.991
united_kingdom,2019-08-21,177566.22,161285.06415019245,110426.55099999999
united_kingdom,2019-08-22,168012.61000000002,161557.9475698097,120996.871
united_kingdom,2019-08-23,163252.88,159862.72208889533,121869.68
united_kingdom,2019-08-24,166427.18099999998,161341.21526121162,120290.32
united_kingdom,2019-08-25,171991.492,156856.1926666948,116328.07
united_kingdom,2019-08-26,176114.642,159145.59294405623,115391.22
united_kingdom,2019-08-27,183893.152,159377.52757008767,115391.22
united_kingdom,2019-08-28,175114.002,159353.05168395108,128215.03000000001
united_kingdom,2019-08-29,176403.14200000002,158646.70771677615,129275.75
united_kingdom,2019-08-30,173169.02200000003,159107.6049973946,117254.79999999999
united_kingdom,2019-08-31,166711.29200000002,162761.18725923216,122573.46999999999
united_kingdom,2019-09-01,179101.71200000006,445464.96984816954,117078.76
united_kingdom,2019-09-02,185791.43200000003,445657.13010753464,116648.01999999997
united_kingdom,2019-09-03,187659.39200000005,445711.4052952033,120459.31999999999
united_kingdom,2019-09-04,193111.46200000003,441546.14139961806,122117.9
united_kingdom,2019-09-05,196361.17200000002,445032.3076657027,123324.08
united_kingdom,2019-09-06,191885.52200000003,445422.9953010201,123804.41
united_kingdom,2019-09-07,190267.182,442276.1059237979,123925.63
united_kingdom,2019-09-08,204020.032,443843.6648884606,110290.98
united_kingdom,2019-09-09,205156.892,441978.6470367146,123280.86
united_kingdom,2019-09-10,205657.822,441990.36856420134,128609.63999999998
united_kingdom,2019-09-11,204034.052,444128.4878661987,135416.28
united_kingdom,2019-09-12,205131.672,439094.2322304051,137037.37999999998
united_kingdom,2019-09-13,180180.732,443465.39253272314,159209.46999999997
united_kingdom,2019-09-14,177454.622,443728.1313709176,158349.40999999997
united_kingdom,2019-09-15,187649.82200000001,444561.5501330141,155075.31999999998
united_kingdom,2019-09-16,192162.23200000002,445320.77985903266,157107.87999999998
united_kingdom,2019-09-17,196912.18199999997,442417.513869122,159789.75999999998
united_kingdom,2019-09-18,196322.582,442323.91360061005,163307.77
united_kingdom,2019-09-19,186482.96199999997,442999.12494025467,173544.86
united_kingdom,2019-09-20,179436.41199999995,437761.6159325728,177566.22
united_kingdom,2019-09-21,175654.01199999996,439172.20694970904,168012.61000000002
united_kingdom,2019-09-22,192329.32199999996,439228.87315771176,163252.88
united_kingdom,2019-09-23,194078.631,441760.98859011254,166427.18099999998
united_kingdom,2019-09-24,195097.80999999997,441130.9027101655,171991.492
united_kingdom,2019-09-25,195860.32,441234.7898916536,176114.642
united_kingdom,2019-09-26,193031.38,437914.2272894776,183893.152
united_kingdom,2019-09-27,186350.75000000003,438635.41065870534,175114.002
united_kingdom,2019-09-28,186583.10000000003,438277.18163489585,176403.14200000002
united_kingdom,2019-09-29,213057.36000000004,438412.57259578875,173169.02200000003
united_kingdom,2019-09-30,213950.28000000006,438438.964314585,166711.29200000002
united_kingdom,2019-10-01,210367.96000000005,438847.4576129448,179101.71200000006
united_kingdom,2019-10-02,207733.32000000004,438612.9017880226,185791.43200000003
united_kingdom,2019-10-03,209528.20000000004,439930.55010295135,187659.39200000005
united_kingdom,2019-10-04,201150.74000000005,439585.7576619725,193111.46200000003
united_kingdom,2019-10-05,197035.57000000004,442892.02828826214,196361.17200000002
united_kingdom,2019-10-06,218968.68,443514.3587834407,191885.52200000003
united_kingdom,2019-10-07,231861.13,442650.5197876075,190267.182
united_kingdom,2019-10-08,226479.73000000004,441416.84952345904,204020.032
united_kingdom,2019-10-09,230170.33000000005,438742.17162324087,205156.892
united_kingdom,2019-10-10,236981.87000000002,439224.7146136575,205657.822
united_kingdom,2019-10-11,230134.44999999998,439268.12251249346,204034.052
united_kingdom,2019-10-12,233617.96,438585.20893271174,205131.672
united_kingdom,2019-10-13,247262.91,439592.54478009266,180180.732
united_kingdom,2019-10-14,255370.7,438929.5468297951,177454.622
united_kingdom,2019-10-15,260945.39,436943.7183301324,187649.82200000001
united_kingdom,2019-10-16,262277.75,437405.547081126,192162.23200000002
united_kingdom,2019-10-17,265424.76,438548.4411163031,196912.18199999997
united_kingdom,2019-10-18,259554.26,437492.6228654117,196322.582
united_kingdom,2019-10-19,265583.76,438087.9775739832,186482.96199999997
united_kingdom,2019-10-20,273694.56,438526.8245610665,179436.41199999995
united_kingdom,2019-10-21,280937.52999999997,438237.7114511062,175654.01199999996
united_kingdom,2019-10-22,280010.20999999996,438820.1245146115,192329.32199999996
united_kingdom,2019-10-23,285151.48999999993,438876.36687850696,194078.631
united_kingdom,2019-10-24,292443.9199999999,439447.0601279514,195097.80999999997
united_kingdom,2019-10-25,285119.5999999999,439538.1128443799,195860.32
united_kingdom,2019-10-26,286333.32999999996,439571.69671225024,193031.38
united_kingdom,2019-10-27,299280.32999999996,439467.8095307622,186350.75000000003
united_kingdom,2019-10-28,310637.8,442092.54960594076,186583.10000000003
united_kingdom,2019-10-29,298523.95999999996,440657.9635364254,213057.36000000004
united_kingdom,2019-10-30,303623.48,441227.31980418327,213950.28000000006
united_kingdom,2019-10-31,304478.45999999996,442664.5145397289,210367.96000000005
united_kingdom,2019-11-01,297289.22,448324.9176073281,207733.32000000004
united_kingdom,2019-11-02,294879.04000000004,426430.0464037202,209528.20000000004
united_kingdom,2019-11-03,351456.06000000006,425695.0517543552,201150.74000000005
united_kingdom,2019-11-04,352580.75000000006,426171.6305438988,197035.57000000004
united_kingdom,2019-11-05,338069.68999999994,425410.18875874,218968.68
united_kingdom,2019-11-06,343037.1699999999,440945.7836727612,231861.13
united_kingdom,2019-11-07,343369.16,439990.65712420485,226479.73000000004
